{"cameraMode":{"drawMode":0,"name":"Shaded","section":"Shading Mode"},"sceneLighting":false,"audioPlay":false,"sceneViewState":{"showFog":true,"showMaterialUpdate":false,"showSkybox":false,"showFlares":true,"showImageEffects":true,"showParticleSystems":true},"in2DMode":false,"pivot":{"x":-1.6858901977539063,"y":-16.455541610717775,"z":-29.732513427734376},"rotation":{"x":0.030850039795041086,"y":0.053346674889326099,"z":-0.0016554902540519834,"w":0.9981047511100769},"size":5.099147796630859,"orthographic":false}