{"cameraMode":{"drawMode":0,"name":"Shaded","section":"Shading Mode"},"sceneLighting":false,"audioPlay":false,"sceneViewState":{"showFog":true,"showMaterialUpdate":false,"showSkybox":false,"showFlares":true,"showImageEffects":true,"showParticleSystems":true},"in2DMode":false,"pivot":{"x":-17.246803283691408,"y":-18.540000915527345,"z":-16.534809112548829},"rotation":{"x":-0.0005289351684041321,"y":-0.9672911167144775,"z":0.2537074387073517,"w":-0.0020083964336663486},"size":1.7320506572723389,"orthographic":false}