{"cameraMode":{"drawMode":0,"name":"Shaded","section":"Shading Mode"},"sceneLighting":false,"audioPlay":false,"sceneViewState":{"showFog":true,"showMaterialUpdate":false,"showSkybox":false,"showFlares":true,"showImageEffects":true,"showParticleSystems":true},"in2DMode":false,"pivot":{"x":-0.01102447509765625,"y":0.12922391295433045,"z":-0.0000152587890625},"rotation":{"x":0.36716228723526,"y":0.5057424306869507,"z":-0.2513763904571533,"w":0.739179790019989},"size":0.5962610244750977,"orthographic":false}