{"cameraMode":{"drawMode":0,"name":"Shaded","section":"Shading Mode"},"sceneLighting":true,"audioPlay":false,"sceneViewState":{"showFog":true,"showMaterialUpdate":false,"showSkybox":true,"showFlares":true,"showImageEffects":true,"showParticleSystems":true},"in2DMode":false,"pivot":{"x":-162.60833740234376,"y":3.798090696334839,"z":150.12908935546876},"rotation":{"x":-0.01415680069476366,"y":-0.3197230398654938,"z":-0.004961989354342222,"w":0.9474630951881409},"size":96.33411407470703,"orthographic":false}